max_depth,eval_metric
2,0.32096556
3,0.3205821
4,0.32051942
5,0.32047424
6,0.32038194
7,0.32054454
8,0.32056314
9,0.3208406
