max_depth,eval_metric
2,0.32036266
3,0.31968573
4,0.31932905
5,0.3192422
6,0.3192845
7,0.3192669
8,0.31946394
9,0.31965384
